Calvin Klein Women's Sheer Marquisette Demi Unlined Bra;32.40 ;Bras;1;2019-01-01 00:00:00
Wacoal Embrace Lace Bikini Panty;32.41;Panties;1;2019-01-02 00:00:00
Wacoal Women's Slimline Seamless Minimizer Bra;32.42;Bras;1;2017-01-03 00:00:00
Hanky Panky Womens Signature Lace Retro V-Kini;32.43;Panties;1;2017-01-04 00:00:00
Wacoal Women's Red Carpet Strapless Bra;32.44;Bras;1;2017-01-05 00:00:00
Wacoal Womens Basic Beauty Contour T-Shirt Bra;32.45;Bras;1;2017-01-06 00:00:00
Calvin Klein Women's Seductive Comfort Tailored Customized Lift Demi Bra;32.46;Bras;1;2017-01-07 00:00:00
Calvin Klein Women's Modern Cotton Bikini;32.47;Panties;1;2019-01-08 00:00:00
Calvin Klein Women's Modern Cotton Bikini;32.48;Panties;1;2019-01-09 00:00:00
Wacoal Womens Basic Beauty Contour T-Shirt Bra;32.49;Bras;1;2019-01-10 00:00:00
Wacoal Women's Embrace Lace Bra;32.50;Bras;1;2019-01-11 00:00:00
b.tempt'd by Wacoal Women's Ciao Bella Balconette Bra;32.51;Bras;1;2019-02-12 00:00:00
Calvin Klein Women's Modern Cotton Bikini;32.52;Panties;1;2019-02-13 00:00:00
Calvin Klein Women's 3 Pack Invisibles Hipster Panty;32.53;Panties;1;2019-02-14 00:00:00
Wacoal Women's Retro Chic Contour Bra;32.54;Bras;1;2019-02-15 00:00:00
Wacoal Women's Embrace Lace Bra;32.55;Bras;1;2019-08-16 00:00:00
Wacoal Women's Bodysuede Underwire Bra;32.56;Bras;1;2019-08-17 00:00:00
b.tempt'd by Wacoal Women's B.Enticing Strapless Bra;32.57;Bras;1;2019-08-18 00:00:00
Wacoal Women's Full Figure Simple Shaping Minimizer Bra;32.58;Bras;1;2019-08-19 00:00:00
Wacoal Women's Slimline Seamless Minimizer Bra;32.59;Bras;1;2019-08-20 00:00:00
Wacoal Women's Retro Chic Underwire Bra;32.60;Bras;1;2019-08-21 00:00:00
Wacoal Women's Halo Strapless Bra;32.61;Bras;1;2019-08-22 00:00:00
Wacoal Women's Full Figure Basic Beauty Underwire Bra;32.62;Bras;1;2019-08-23 00:00:00
Wacoal Women's Retro Chic Underwire Bra;32.63;Bras;1;2019-08-24 00:00:00
Wacoal Women's How Perfect Soft Cup Bra;32.64;Bras;1;2019-11-25 00:00:00
Wacoal Embrace Lace Bikini Panty;32.65;Panties;1;2019-11-26 00:00:00
Wacoal Women's Embrace Lace Bra;32.66;Bras;1;2019-11-27 00:00:00
Wacoal Womens Basic Beauty Contour T-Shirt Bra;32.67;Bras;1;2019-11-28 00:00:00
Wacoal Women's Classic Reinvention Full Figure Underwire Bra;32.68;Bras;1;2019-11-29 00:00:00
Wacoal Women's Embrace Lace Bra;32.69;Bras;1;2019-11-30 00:00:00
Calvin Klein Women's Perfectly Fit Lightly Lined Memory Touch T-Shirt Bra;32.70;Bras;1;2019-12-01 00:00:00
Wacoal Women's Underwire Sport Bra;32.71;Bras;1;2018-02-01 00:00:00
b.tempt'd by Wacoal Women's Ciao Bella Balconette Bra;32.72;Bras;1;2018-02-02 00:00:00
Wacoal Women's Red Carpet Strapless Bra;32.73;Bras;1;2018-02-03 00:00:00
Wacoal Women's Full Figure Simple Shaping Minimizer Bra;32.74;Bras;1;2018-02-04 00:00:00
Wacoal Women's Underwire Sport Bra;32.75;Bras;1;2018-02-05 00:00:00
Victoria's Secret The Ultimate Maximum Support Sport Bra;32.76;Bras;1;2018-06-06 00:00:00
b.tempt'd by Wacoal Women's Ciao Bella Balconette Bra;32.77;Bras;1;2018-06-07 00:00:00
Calvin Klein Women's Perfectly Fit Lightly Lined Memory Touch T-Shirt Bra;32.78;Bras;1;2018-06-08 00:00:00
Wacoal Womens Basic Beauty Contour T-Shirt Bra;32.79;Bras;1;2018-06-09 00:00:00
Wacoal Women's Red Carpet Strapless Bra;32.80;Bras;1;2018-06-10 00:00:00
Calvin Klein Women's 4 Pack Stretch Lace Hipster Panty;32.81;Panties;1;2018-06-11 00:00:00
Calvin Klein Women's 3 Pack Invisibles Hipster Panty;32.82;Panties;1;2018-06-12 00:00:00
Wacoal Women's Classic Reinvention Full Figure Underwire Bra;32.83;Bras;1;2018-11-13 00:00:00
Wacoal Women's Retro Chic Underwire Bra;32.84;Bras;1;2018-11-14 00:00:00
Wacoal Embrace Lace Bikini Panty;32.85;Panties;1;2018-11-15 00:00:00
Wacoal Women's Retro Chic Underwire Bra;32.86;Bras;1;2018-11-16 00:00:00
Wacoal Womens Basic Beauty Contour T-Shirt Bra;32.87;Bras;1;2018-11-17 00:00:00
Wacoal Women's Retro Chic Underwire Bra;32.88;Bras;1;2018-11-18 00:00:00
b.tempt'd by Wacoal Women's B.Enticing Strapless Bra;32.89;Bras;1;2018-11-19 00:00:00
